{
  "Random": {
    "num_selected": 50,
    "mean_quality": 0.6489885287248619,
    "total_cost": 4118.829995444089,
    "quality_metrics": {
      "mean": 0.6489885287248619,
      "median": 0.6491679114097522,
      "std": 0.04521141105580719,
      "variance": 0.002044071689657165,
      "min": 0.564007615713976,
      "max": 0.7231623837586973
    },
    "quality_values": [
      0.6588412100550862,
      0.6322011119185359,
      0.6544966592723871,
      0.7231623837586973,
      0.6740937251025505,
      0.6920977417072063,
      0.7134129005224956,
      0.6267500818779344,
      0.6177060413502071,
      0.6411097314125815,
      0.6337855134328965,
      0.6109133530694326,
      0.6164437116720384,
      0.602347336704699,
      0.564007615713976,
      0.6292627313855148,
      0.7201403151693746,
      0.5697344270091347,
      0.575943929987415,
      0.5733251303909381,
      0.687669051116425,
      0.5751793958942938,
      0.6484041612454662,
      0.6995872400225018,
      0.5999576245791758,
      0.5982175539003816,
      0.6224146761894114,
      0.595422182004403,
      0.7120109355968947,
      0.683019713126828,
      0.6411097903068463,
      0.6620352161090715,
      0.6795275614298444,
      0.6983368335723628,
      0.6356420395117957,
      0.705870995310641,
      0.6988011673404544,
      0.6807997735402358,
      0.6883610080672906,
      0.7224911330176542,
      0.6869453179105067,
      0.5750552199356993,
      0.6782292592994446,
      0.6001409588574782,
      0.649931661574038,
      0.6472120654184212,
      0.6830365992102883,
      0.6280877243800285,
      0.6626419080593035,
      0.6735120182028089
    ],
    "accuracy_history": [
      0.032449426436243094,
      0.06489885287248619,
      0.09734827930872927,
      0.12979770574497237,
      0.16224713218121548,
      0.19469655861745858,
      0.22714598505370168,
      0.25959541148994475,
      0.29204483792618785,
      0.32449426436243095,
      0.35694369079867405,
      0.38939311723491715,
      0.42184254367116025,
      0.45429197010740335,
      0.48674139654364645,
      0.5191908229798895,
      0.5516402494161325,
      0.5840896758523756,
      0.6165391022886186,
      0.6489885287248617
    ],
    "communication_costs": [
      4118.829995444089,
      4118.829995444089,
      4118.829995444089,
      4118.829995444089,
      4118.829995444089,
      4118.829995444089,
      4118.829995444089,
      4118.829995444089,
      4118.829995444089,
      4118.829995444089,
      4118.829995444089,
      4118.829995444089,
      4118.829995444089,
      4118.829995444089,
      4118.829995444089,
      4118.829995444089,
      4118.829995444089,
      4118.829995444089,
      4118.829995444089,
      4118.829995444089
    ],
    "final_accuracy": 0.6489885287248617
  },
  "Greedy": {
    "num_selected": 50,
    "mean_quality": 0.6574434733467065,
    "total_cost": 2685.5282668489954,
    "quality_metrics": {
      "mean": 0.6574434733467065,
      "median": 0.6749445382620262,
      "std": 0.053387059059777586,
      "variance": 0.00285017807505218,
      "min": 0.564007615713976,
      "max": 0.7545351915654883
    },
    "quality_values": [
      0.7231623837586973,
      0.6292627313855148,
      0.7488230417574702,
      0.7266208152513667,
      0.6267500818779344,
      0.7224911330176542,
      0.6356420395117957,
      0.7545351915654883,
      0.6757953514215018,
      0.6073090588943959,
      0.6777149572590057,
      0.6224146761894114,
      0.6807997735402358,
      0.705870995310641,
      0.687669051116425,
      0.6810345848270478,
      0.564007615713976,
      0.602347336704699,
      0.7143853708842669,
      0.567435785909218,
      0.6411097903068463,
      0.6109133530694326,
      0.6177060413502071,
      0.6869453179105067,
      0.7068183890600446,
      0.5999576245791758,
      0.6782292592994446,
      0.6740937251025505,
      0.6988011673404544,
      0.6948789644976943,
      0.6484041612454662,
      0.6992699956950099,
      0.6892796291144727,
      0.6735120182028089,
      0.7201403151693746,
      0.5750552199356993,
      0.5731610769663583,
      0.5733251303909381,
      0.6920977417072063,
      0.5836468502062439,
      0.6995872400225018,
      0.5751793958942938,
      0.7197908719066628,
      0.60005975477605,
      0.6830365992102883,
      0.6712939564209578,
      0.6164437116720384,
      0.6412825871426775,
      0.7033283932516861,
      0.570753409991487
    ],
    "accuracy_history": [
      0.032872173667335323,
      0.06574434733467065,
      0.09861652100200596,
      0.1314886946693413,
      0.16436086833667662,
      0.19723304200401195,
      0.23010521567134729,
      0.2629773893386826,
      0.2958495630060179,
      0.3287217366733532,
      0.3615939103406885,
      0.3944660840080238,
      0.4273382576753591,
      0.4602104313426944,
      0.4930826050100297,
      0.5259547786773651,
      0.5588269523447004,
      0.5916991260120357,
      0.624571299679371,
      0.6574434733467063
    ],
    "communication_costs": [
      2685.5282668489954,
      2685.5282668489954,
      2685.5282668489954,
      2685.5282668489954,
      2685.5282668489954,
      2685.5282668489954,
      2685.5282668489954,
      2685.5282668489954,
      2685.5282668489954,
      2685.5282668489954,
      2685.5282668489954,
      2685.5282668489954,
      2685.5282668489954,
      2685.5282668489954,
      2685.5282668489954,
      2685.5282668489954,
      2685.5282668489954,
      2685.5282668489954,
      2685.5282668489954,
      2685.5282668489954
    ],
    "final_accuracy": 0.6574434733467063
  },
  "DynamicProgramming": {
    "num_selected": 50,
    "mean_quality": 0.6563438624829628,
    "total_cost": 3361.934640369319,
    "quality_metrics": {
      "mean": 0.6563438624829628,
      "median": 0.6602864576141628,
      "std": 0.04813034192854545,
      "variance": 0.0023165298141587,
      "min": 0.564007615713976,
      "max": 0.7545351915654883
    },
    "quality_values": [
      0.649931661574038,
      0.6810345848270478,
      0.6109133530694326,
      0.5733251303909381,
      0.7068183890600446,
      0.602347336704699,
      0.5750552199356993,
      0.6883610080672906,
      0.60005975477605,
      0.7266208152513667,
      0.6920977417072063,
      0.6224146761894114,
      0.6073090588943959,
      0.6995872400225018,
      0.6740937251025505,
      0.7231623837586973,
      0.6777149572590057,
      0.6869453179105067,
      0.6150196888484947,
      0.6617317051732394,
      0.7143853708842669,
      0.687669051116425,
      0.6575454311110049,
      0.6712939564209578,
      0.7033283932516861,
      0.6807997735402358,
      0.6988011673404544,
      0.6412825871426775,
      0.5999576245791758,
      0.6544966592723871,
      0.645685579342774,
      0.6164437116720384,
      0.6892796291144727,
      0.6757953514215018,
      0.7201403151693746,
      0.6536704630409276,
      0.7545351915654883,
      0.6267500818779344,
      0.6830365992102883,
      0.7102143308162141,
      0.6588412100550862,
      0.7197908719066628,
      0.570753409991487,
      0.6310914860534798,
      0.5751793958942938,
      0.6341920371444005,
      0.564007615713976,
      0.5731610769663583,
      0.6356420395117957,
      0.6948789644976943
    ],
    "accuracy_history": [
      0.032817193124148145,
      0.06563438624829629,
      0.09845157937244443,
      0.13126877249659258,
      0.16408596562074074,
      0.1969031587448889,
      0.22972035186903705,
      0.2625375449931852,
      0.29535473811733337,
      0.32817193124148153,
      0.3609891243656297,
      0.39380631748977785,
      0.426623510613926,
      0.45944070373807416,
      0.4922578968622223,
      0.5250750899863704,
      0.5578922831105185,
      0.5907094762346666,
      0.6235266693588147,
      0.6563438624829628
    ],